<?xml version="1.0" encoding="UTF-8" standalone="no"?>
<Musica>
	<Album autor="U2" data_publicacio="1980">Boy</Album>
	<Album autor="U2" data_publicacio="1981">October</Album>
	<Album autor="U2" data_publicacio="1983">War</Album>
	<Album autor="U2" data_publicacio="1984">The Unforgettable Fire</Album>
	<Album autor="U2" data_publicacio="1987">The Joshua Tree</Album>
	<Album autor="U2" data_publicacio="1988">Rattle and Hum</Album>
	<Album autor="U2" data_publicacio="1991">Achtung Baby</Album>
	<Album autor="U2" data_publicacio="1993">Zooropa</Album>
	<Album autor="U2" data_publicacio="1997">Pop</Album>
	<Album autor="U2" data_publicacio="2000">All That You Can't Leave Behind
	</Album>
	<Album autor="U2" data_publicacio="2004">How to Dismantle an Atomic Bomb
	</Album>
	<Album autor="U2" data_publicacio="2009">No Line on the Horizon</Album>
	<Album autor="Bruce Springsteen" data_publicacio="1973">Greetings from
		Asbury Park,N.J.</Album>
	<Album autor="Bruce Springsteen" data_publicacio="1975">Born to Run
	</Album>
	<Album autor="Bruce Springsteen" data_publicacio="1980">The River
	</Album>
	<Album autor="Bruce Springsteen" data_publicacio="1984">Born in the USA
	</Album>
	<Album autor="Bruce Springsteen" data_publicacio="1987">Tunnel of Love
	</Album>
	<Album autor="Bruce Springsteen" data_publicacio="1992">Human Touch
	</Album>
	<Album autor="Bruce Springsteen" data_publicacio="1987">lksdfls</Album>
</Musica>